image,win_number,first_fix,fix_duration,number_of_fixes
auth.alipay.com_(Pixel 2).png,0,0.0,0.0,0
auth.alipay.com_(Pixel 2).png,1,0.0,0.0,0
auth.alipay.com_(Pixel 2).png,2,0.0,0.0,0
auth.alipay.com_(Pixel 2).png,3,3547.5052,133.04659999999876,1
auth.alipay.com_(Pixel 2).png,4,0.0,0.0,0
auth.alipay.com_(Pixel 2).png,5,546.5895999999993,91.04560000000049,1
auth.alipay.com_(Pixel 2).png,6,0.0,0.0,0
auth.alipay.com_(Pixel 2).png,7,4619.493999999999,102.26040000000103,1
auth.alipay.com_(Pixel 2).png,8,0.0,0.0,0
auth.alipay.com_(Pixel 2).png,9,0.0,0.0,0
auth.alipay.com_(Pixel 2).png,10,0.0,0.0,0
auth.alipay.com_(Pixel 2).png,11,0.0,0.0,0
auth.alipay.com_(Pixel 2).png,12,0.0,0.0,0
auth.alipay.com_(Pixel 2).png,13,0.0,0.0,0
auth.alipay.com_(Pixel 2).png,14,0.0,0.0,0
auth.alipay.com_(Pixel 2).png,15,0.0,0.0,0
auth.alipay.com_(Pixel 2).png,16,0.0,0.0,0
auth.alipay.com_(Pixel 2).png,17,4887.9102,58.613499999999476,1
auth.alipay.com_(Pixel 2).png,18,0.0,0.0,0
auth.alipay.com_(Pixel 2).png,19,0.0,0.0,0
auth.alipay.com_(Pixel 2).png,20,0.0,0.0,0
auth.alipay.com_(Pixel 2).png,21,0.0,0.0,0
auth.alipay.com_(Pixel 2).png,22,0.0,0.0,0
auth.alipay.com_(Pixel 2).png,23,0.0,0.0,0
auth.alipay.com_(Pixel 2).png,24,0.0,0.0,0
auth.alipay.com_(Pixel 2).png,25,0.0,0.0,0
auth.alipay.com_(Pixel 2).png,26,0.0,0.0,0
auth.alipay.com_(Pixel 2).png,27,0.0,0.0,0
auth.alipay.com_(Pixel 2).png,28,2987.844799999999,251.04720000000134,1
auth.alipay.com_(Pixel 2).png,29,0.0,0.0,0
auth.alipay.com_(Pixel 2).png,30,0.0,0.0,0
auth.alipay.com_(Pixel 2).png,31,4146.6296,116.99309999999787,1
auth.alipay.com_(Pixel 2).png,32,0.0,0.0,0
auth.alipay.com_(Pixel 2).png,33,2655.1853,208.52759999999853,1
auth.alipay.com_(Pixel 2).png,34,0.0,0.0,0
auth.alipay.com_(Pixel 2).png,35,0.0,0.0,0
auth.alipay.com_(Pixel 2).png,36,0.0,0.0,0
auth.alipay.com_(Pixel 2).png,37,0.0,0.0,0
auth.alipay.com_(Pixel 2).png,38,0.0,0.0,0
auth.alipay.com_(Pixel 2).png,39,0.0,0.0,0
auth.alipay.com_(Pixel 2).png,40,0.0,0.0,0
auth.alipay.com_(Pixel 2).png,41,0.0,0.0,0
auth.alipay.com_(Pixel 2).png,42,0.0,0.0,0
auth.alipay.com_(Pixel 2).png,43,0.0,0.0,0
auth.alipay.com_(Pixel 2).png,44,0.0,0.0,0
auth.alipay.com_(Pixel 2).png,45,0.0,0.0,0
auth.alipay.com_(Pixel 2).png,46,2230.4378,66.53450000000066,1
auth.alipay.com_(Pixel 2).png,47,0.0,0.0,0
auth.alipay.com_(Pixel 2).png,48,0.0,0.0,0
auth.alipay.com_(Pixel 2).png,49,0.0,0.0,0
m.bilibili.com_(Pixel 2).png,0,0.0,0.0,0
m.bilibili.com_(Pixel 2).png,1,0.0,0.0,0
m.bilibili.com_(Pixel 2).png,2,0.0,0.0,0
m.bilibili.com_(Pixel 2).png,3,0.0,0.0,0
m.bilibili.com_(Pixel 2).png,4,0.0,0.0,0
m.bilibili.com_(Pixel 2).png,5,0.0,0.0,0
m.bilibili.com_(Pixel 2).png,6,0.0,0.0,0
m.bilibili.com_(Pixel 2).png,7,0.0,0.0,0
m.bilibili.com_(Pixel 2).png,8,0.0,0.0,0
m.bilibili.com_(Pixel 2).png,9,0.0,0.0,0
m.bilibili.com_(Pixel 2).png,10,0.0,0.0,0
m.bilibili.com_(Pixel 2).png,11,0.0,0.0,0
m.bilibili.com_(Pixel 2).png,12,0.0,0.0,0
m.bilibili.com_(Pixel 2).png,13,0.0,0.0,0
m.bilibili.com_(Pixel 2).png,14,0.0,0.0,0
m.bilibili.com_(Pixel 2).png,15,1451.6453000000022,99.68229999999835,1
m.bilibili.com_(Pixel 2).png,16,785.6668000000009,372.46120000000155,2
m.bilibili.com_(Pixel 2).png,17,0.0,0.0,0
m.bilibili.com_(Pixel 2).png,18,4202.5538,399.60530000000017,3
m.bilibili.com_(Pixel 2).png,19,4759.526500000002,134.35629999999946,1
m.bilibili.com_(Pixel 2).png,20,1292.7708000000002,58.66610000000014,1
m.bilibili.com_(Pixel 2).png,21,1862.0614000000005,65.05830000000037,1
m.bilibili.com_(Pixel 2).png,22,0.0,0.0,0
m.bilibili.com_(Pixel 2).png,23,4023.3419000000013,70.5023000000001,1
m.bilibili.com_(Pixel 2).png,24,0.0,0.0,0
m.bilibili.com_(Pixel 2).png,25,2102.3362,99.67990000000054,1
m.bilibili.com_(Pixel 2).png,26,0.0,0.0,0
m.bilibili.com_(Pixel 2).png,27,0.0,0.0,0
m.bilibili.com_(Pixel 2).png,28,0.0,0.0,0
m.bilibili.com_(Pixel 2).png,29,2495.368000000002,156.3809000000001,2
m.bilibili.com_(Pixel 2).png,30,0.0,0.0,0
m.bilibili.com_(Pixel 2).png,31,0.0,0.0,0
m.bilibili.com_(Pixel 2).png,32,0.0,0.0,0
m.bilibili.com_(Pixel 2).png,33,0.0,0.0,0
m.bilibili.com_(Pixel 2).png,34,0.0,0.0,0
m.bilibili.com_(Pixel 2).png,35,0.0,0.0,0
m.bilibili.com_(Pixel 2).png,36,0.0,0.0,0
m.bilibili.com_(Pixel 2).png,37,2819.2741000000005,108.49290000000065,1
m.bilibili.com_(Pixel 2).png,38,0.0,0.0,0
m.bilibili.com_(Pixel 2).png,39,0.0,0.0,0
m.bilibili.com_(Pixel 2).png,40,0.0,0.0,0
m.bilibili.com_(Pixel 2).png,41,0.0,0.0,0
m.bilibili.com_(Pixel 2).png,42,0.0,0.0,0
m.bilibili.com_(Pixel 2).png,43,3227.151400000001,116.30649999999832,1
m.bilibili.com_(Pixel 2).png,44,0.0,0.0,0
m.bilibili.com_(Pixel 2).png,45,0.0,0.0,0
m.bilibili.com_(Pixel 2).png,46,0.0,0.0,0
m.bilibili.com_(Pixel 2).png,47,0.0,0.0,0
m.bilibili.com_(Pixel 2).png,48,3509.7417000000005,150.72920000000113,1
m.bilibili.com_(Pixel 2).png,49,0.0,0.0,0
m.facebook.com_(Pixel 2).png,0,0.0,0.0,0
m.facebook.com_(Pixel 2).png,1,4623.402200000004,67.32889999999679,1
m.facebook.com_(Pixel 2).png,2,0.0,0.0,0
m.facebook.com_(Pixel 2).png,3,1728.8410000000006,136.85930000000008,1
m.facebook.com_(Pixel 2).png,4,4873.788600000004,68.03299999999854,2
m.facebook.com_(Pixel 2).png,5,0.0,0.0,0
m.facebook.com_(Pixel 2).png,6,0.0,0.0,0
m.facebook.com_(Pixel 2).png,7,0.0,0.0,0
m.facebook.com_(Pixel 2).png,8,0.0,0.0,0
m.facebook.com_(Pixel 2).png,9,0.0,0.0,0
m.facebook.com_(Pixel 2).png,10,1515.5479999999989,50.73830000000453,1
m.facebook.com_(Pixel 2).png,11,0.0,0.0,0
m.facebook.com_(Pixel 2).png,12,1140.9942000000044,249.6509999999987,2
m.facebook.com_(Pixel 2).png,13,0.0,0.0,0
m.facebook.com_(Pixel 2).png,14,0.0,0.0,0
m.facebook.com_(Pixel 2).png,15,0.0,0.0,0
m.facebook.com_(Pixel 2).png,16,0.0,0.0,0
m.facebook.com_(Pixel 2).png,17,1332.1673000000044,100.75799999999799,1
m.facebook.com_(Pixel 2).png,18,0.0,0.0,0
m.facebook.com_(Pixel 2).png,19,0.0,0.0,0
m.facebook.com_(Pixel 2).png,20,0.0,0.0,0
m.facebook.com_(Pixel 2).png,21,0.0,0.0,0
m.facebook.com_(Pixel 2).png,22,699.5049000000035,614.0402999999969,2
m.facebook.com_(Pixel 2).png,23,0.0,0.0,0
m.facebook.com_(Pixel 2).png,24,0.0,0.0,0
m.facebook.com_(Pixel 2).png,25,3123.8453000000013,117.23410000000104,1
m.facebook.com_(Pixel 2).png,26,0.0,0.0,0
m.facebook.com_(Pixel 2).png,27,0.0,0.0,0
m.facebook.com_(Pixel 2).png,28,0.0,0.0,0
m.facebook.com_(Pixel 2).png,29,0.0,0.0,0
m.facebook.com_(Pixel 2).png,30,3282.8332000000014,207.03210000000354,1
m.facebook.com_(Pixel 2).png,31,0.0,0.0,0
m.facebook.com_(Pixel 2).png,32,0.0,0.0,0
m.facebook.com_(Pixel 2).png,33,0.0,0.0,0
m.facebook.com_(Pixel 2).png,34,0.0,0.0,0
m.facebook.com_(Pixel 2).png,35,0.0,0.0,0
m.facebook.com_(Pixel 2).png,36,0.0,0.0,0
m.facebook.com_(Pixel 2).png,37,0.0,0.0,0
m.facebook.com_(Pixel 2).png,38,0.0,0.0,0
m.facebook.com_(Pixel 2).png,39,0.0,0.0,0
m.facebook.com_(Pixel 2).png,40,0.0,0.0,0
m.facebook.com_(Pixel 2).png,41,0.0,0.0,0
m.facebook.com_(Pixel 2).png,42,0.0,0.0,0
m.facebook.com_(Pixel 2).png,43,0.0,0.0,0
m.facebook.com_(Pixel 2).png,44,0.0,0.0,0
m.facebook.com_(Pixel 2).png,45,0.0,0.0,0
m.facebook.com_(Pixel 2).png,46,0.0,0.0,0
m.facebook.com_(Pixel 2).png,47,0.0,0.0,0
m.facebook.com_(Pixel 2).png,48,0.0,0.0,0
m.facebook.com_(Pixel 2).png,49,0.0,0.0,0
m.weibo.cn_(Pixel 2).png,0,1264.6741000000004,131.91719999999964,1
m.weibo.cn_(Pixel 2).png,1,0.0,0.0,0
m.weibo.cn_(Pixel 2).png,2,0.0,0.0,0
m.weibo.cn_(Pixel 2).png,3,0.0,0.0,0
m.weibo.cn_(Pixel 2).png,4,0.0,0.0,0
m.weibo.cn_(Pixel 2).png,5,0.0,0.0,0
m.weibo.cn_(Pixel 2).png,6,0.0,0.0,0
m.weibo.cn_(Pixel 2).png,7,0.0,0.0,0
m.weibo.cn_(Pixel 2).png,8,0.0,0.0,0
m.weibo.cn_(Pixel 2).png,9,3805.588899999999,66.98620000000301,1
m.weibo.cn_(Pixel 2).png,10,0.0,0.0,0
m.weibo.cn_(Pixel 2).png,11,0.0,0.0,0
m.weibo.cn_(Pixel 2).png,12,939.3490999999997,198.76009999999928,1
m.weibo.cn_(Pixel 2).png,13,0.0,0.0,0
m.weibo.cn_(Pixel 2).png,14,0.0,0.0,0
m.weibo.cn_(Pixel 2).png,15,671.9324000000015,58.75989999999729,1
m.weibo.cn_(Pixel 2).png,16,0.0,0.0,0
m.weibo.cn_(Pixel 2).png,17,0.0,0.0,0
m.weibo.cn_(Pixel 2).png,18,0.0,0.0,0
m.weibo.cn_(Pixel 2).png,19,0.0,0.0,0
m.weibo.cn_(Pixel 2).png,20,0.0,0.0,0
m.weibo.cn_(Pixel 2).png,21,4946.905699999996,0.0,1
m.weibo.cn_(Pixel 2).png,22,1955.536,149.47889999999825,1
m.weibo.cn_(Pixel 2).png,23,0.0,0.0,0
m.weibo.cn_(Pixel 2).png,24,0.0,0.0,0
m.weibo.cn_(Pixel 2).png,25,0.0,0.0,0
m.weibo.cn_(Pixel 2).png,26,0.0,0.0,0
m.weibo.cn_(Pixel 2).png,27,0.0,0.0,0
m.weibo.cn_(Pixel 2).png,28,0.0,0.0,0
m.weibo.cn_(Pixel 2).png,29,0.0,0.0,0
m.weibo.cn_(Pixel 2).png,30,0.0,0.0,0
m.weibo.cn_(Pixel 2).png,31,0.0,0.0,0
m.weibo.cn_(Pixel 2).png,32,0.0,0.0,0
m.weibo.cn_(Pixel 2).png,33,2279.032299999999,101.43109999999797,1
m.weibo.cn_(Pixel 2).png,34,0.0,0.0,0
m.weibo.cn_(Pixel 2).png,35,0.0,0.0,0
m.weibo.cn_(Pixel 2).png,36,0.0,0.0,0
m.weibo.cn_(Pixel 2).png,37,0.0,0.0,0
m.weibo.cn_(Pixel 2).png,38,2479.565200000001,301.67839999999705,1
m.weibo.cn_(Pixel 2).png,39,0.0,0.0,0
m.weibo.cn_(Pixel 2).png,40,2905.9866,65.77109999999857,1
m.weibo.cn_(Pixel 2).png,41,0.0,0.0,0
m.weibo.cn_(Pixel 2).png,42,0.0,0.0,0
m.weibo.cn_(Pixel 2).png,43,0.0,0.0,0
m.weibo.cn_(Pixel 2).png,44,0.0,0.0,0
m.weibo.cn_(Pixel 2).png,45,0.0,0.0,0
m.weibo.cn_(Pixel 2).png,46,3146.4694000000013,100.01889999999548,1
m.weibo.cn_(Pixel 2).png,47,4421.873800000001,208.58260000000155,1
m.weibo.cn_(Pixel 2).png,48,0.0,0.0,0
m.weibo.cn_(Pixel 2).png,49,0.0,0.0,0
main.m.taobao.com_(Pixel 2).png,0,974.5052000000068,125.68009999999788,1
main.m.taobao.com_(Pixel 2).png,1,0.0,0.0,0
main.m.taobao.com_(Pixel 2).png,2,1225.6958000000013,59.95369999999821,1
main.m.taobao.com_(Pixel 2).png,3,0.0,0.0,0
main.m.taobao.com_(Pixel 2).png,4,1418.0659999999991,91.2692999999997,1
main.m.taobao.com_(Pixel 2).png,5,0.0,0.0,0
main.m.taobao.com_(Pixel 2).png,6,691.6925000000048,316.87870000000055,2
main.m.taobao.com_(Pixel 2).png,7,1727.0313999999996,64.11529999999789,1
main.m.taobao.com_(Pixel 2).png,8,2360.844000000005,206.70289999999568,1
main.m.taobao.com_(Pixel 2).png,9,0.0,0.0,0
main.m.taobao.com_(Pixel 2).png,10,0.0,0.0,0
main.m.taobao.com_(Pixel 2).png,11,0.0,0.0,0
main.m.taobao.com_(Pixel 2).png,12,0.0,0.0,0
main.m.taobao.com_(Pixel 2).png,13,0.0,0.0,0
main.m.taobao.com_(Pixel 2).png,14,0.0,0.0,0
main.m.taobao.com_(Pixel 2).png,15,0.0,0.0,0
main.m.taobao.com_(Pixel 2).png,16,0.0,0.0,0
main.m.taobao.com_(Pixel 2).png,17,0.0,0.0,0
main.m.taobao.com_(Pixel 2).png,18,0.0,0.0,0
main.m.taobao.com_(Pixel 2).png,19,0.0,0.0,0
main.m.taobao.com_(Pixel 2).png,20,0.0,0.0,0
main.m.taobao.com_(Pixel 2).png,21,0.0,0.0,0
main.m.taobao.com_(Pixel 2).png,22,0.0,0.0,0
main.m.taobao.com_(Pixel 2).png,23,0.0,0.0,0
main.m.taobao.com_(Pixel 2).png,24,0.0,0.0,0
main.m.taobao.com_(Pixel 2).png,25,0.0,0.0,0
main.m.taobao.com_(Pixel 2).png,26,0.0,0.0,0
main.m.taobao.com_(Pixel 2).png,27,0.0,0.0,0
main.m.taobao.com_(Pixel 2).png,28,0.0,0.0,0
main.m.taobao.com_(Pixel 2).png,29,0.0,0.0,0
main.m.taobao.com_(Pixel 2).png,30,0.0,0.0,0
main.m.taobao.com_(Pixel 2).png,31,0.0,0.0,0
main.m.taobao.com_(Pixel 2).png,32,0.0,0.0,0
main.m.taobao.com_(Pixel 2).png,33,3083.890599999999,157.31150000000343,1
main.m.taobao.com_(Pixel 2).png,34,2834.2019,149.26190000000497,1
main.m.taobao.com_(Pixel 2).png,35,0.0,0.0,0
main.m.taobao.com_(Pixel 2).png,36,0.0,0.0,0
main.m.taobao.com_(Pixel 2).png,37,0.0,0.0,0
main.m.taobao.com_(Pixel 2).png,38,0.0,0.0,0
main.m.taobao.com_(Pixel 2).png,39,3684.1345,266.4954000000066,1
main.m.taobao.com_(Pixel 2).png,40,0.0,0.0,0
main.m.taobao.com_(Pixel 2).png,41,0.0,0.0,0
main.m.taobao.com_(Pixel 2).png,42,3475.7595000000074,116.55849999999191,1
main.m.taobao.com_(Pixel 2).png,43,0.0,0.0,0
main.m.taobao.com_(Pixel 2).png,44,4041.3848000000066,249.86269999999195,1
main.m.taobao.com_(Pixel 2).png,45,0.0,0.0,0
main.m.taobao.com_(Pixel 2).png,46,0.0,0.0,0
main.m.taobao.com_(Pixel 2).png,47,0.0,0.0,0
main.m.taobao.com_(Pixel 2).png,48,4617.722300000001,65.91889999999694,1
main.m.taobao.com_(Pixel 2).png,49,4383.383399999999,142.43620000000283,1
mobile.twitter.com_(Pixel 2).png,0,0.0,0.0,0
mobile.twitter.com_(Pixel 2).png,1,0.0,0.0,0
mobile.twitter.com_(Pixel 2).png,2,0.0,0.0,0
mobile.twitter.com_(Pixel 2).png,3,0.0,0.0,0
mobile.twitter.com_(Pixel 2).png,4,0.0,0.0,0
mobile.twitter.com_(Pixel 2).png,5,1208.5907999999981,66.84360000000743,1
mobile.twitter.com_(Pixel 2).png,6,0.0,0.0,0
mobile.twitter.com_(Pixel 2).png,7,0.0,0.0,0
mobile.twitter.com_(Pixel 2).png,8,1474.3178000000046,91.61770000000206,1
mobile.twitter.com_(Pixel 2).png,9,0.0,0.0,0
mobile.twitter.com_(Pixel 2).png,10,0.0,0.0,0
mobile.twitter.com_(Pixel 2).png,11,0.0,0.0,0
mobile.twitter.com_(Pixel 2).png,12,1665.8489000000045,86.10139999999205,1
mobile.twitter.com_(Pixel 2).png,13,0.0,0.0,0
mobile.twitter.com_(Pixel 2).png,14,0.0,0.0,0
mobile.twitter.com_(Pixel 2).png,15,1866.5893,283.158799999997,1
mobile.twitter.com_(Pixel 2).png,16,841.2925000000032,101.11559999999736,1
mobile.twitter.com_(Pixel 2).png,17,0.0,0.0,0
mobile.twitter.com_(Pixel 2).png,18,2549.194499999998,550.2646000000013,2
mobile.twitter.com_(Pixel 2).png,19,0.0,0.0,0
mobile.twitter.com_(Pixel 2).png,20,0.0,0.0,0
mobile.twitter.com_(Pixel 2).png,21,3299.813300000001,1024.6003999999962,4
mobile.twitter.com_(Pixel 2).png,22,0.0,0.0,0
mobile.twitter.com_(Pixel 2).png,23,2949.096900000004,50.22779999999284,1
mobile.twitter.com_(Pixel 2).png,24,0.0,0.0,0
mobile.twitter.com_(Pixel 2).png,25,0.0,0.0,0
mobile.twitter.com_(Pixel 2).png,26,0.0,0.0,0
mobile.twitter.com_(Pixel 2).png,27,0.0,0.0,0
mobile.twitter.com_(Pixel 2).png,28,0.0,0.0,0
mobile.twitter.com_(Pixel 2).png,29,0.0,0.0,0
mobile.twitter.com_(Pixel 2).png,30,0.0,0.0,0
mobile.twitter.com_(Pixel 2).png,31,0.0,0.0,0
mobile.twitter.com_(Pixel 2).png,32,0.0,0.0,0
mobile.twitter.com_(Pixel 2).png,33,0.0,0.0,0
mobile.twitter.com_(Pixel 2).png,34,0.0,0.0,0
mobile.twitter.com_(Pixel 2).png,35,0.0,0.0,0
mobile.twitter.com_(Pixel 2).png,36,0.0,0.0,0
mobile.twitter.com_(Pixel 2).png,37,0.0,0.0,0
mobile.twitter.com_(Pixel 2).png,38,0.0,0.0,0
mobile.twitter.com_(Pixel 2).png,39,0.0,0.0,0
mobile.twitter.com_(Pixel 2).png,40,0.0,0.0,0
mobile.twitter.com_(Pixel 2).png,41,0.0,0.0,0
mobile.twitter.com_(Pixel 2).png,42,0.0,0.0,0
mobile.twitter.com_(Pixel 2).png,43,0.0,0.0,0
mobile.twitter.com_(Pixel 2).png,44,0.0,0.0,0
mobile.twitter.com_(Pixel 2).png,45,0.0,0.0,0
mobile.twitter.com_(Pixel 2).png,46,0.0,0.0,0
mobile.twitter.com_(Pixel 2).png,47,0.0,0.0,0
mobile.twitter.com_(Pixel 2).png,48,0.0,0.0,0
mobile.twitter.com_(Pixel 2).png,49,0.0,0.0,0
outlook.live.com_owa_(Pixel 2).png,0,775.9282000000021,191.5459999999947,1
outlook.live.com_owa_(Pixel 2).png,1,0.0,0.0,0
outlook.live.com_owa_(Pixel 2).png,2,0.0,0.0,0
outlook.live.com_owa_(Pixel 2).png,3,1118.9987999999942,190.6271000000047,1
outlook.live.com_owa_(Pixel 2).png,4,0.0,0.0,0
outlook.live.com_owa_(Pixel 2).png,5,0.0,0.0,0
outlook.live.com_owa_(Pixel 2).png,6,1526.7440999999967,150.88940000000002,1
outlook.live.com_owa_(Pixel 2).png,7,0.0,0.0,0
outlook.live.com_owa_(Pixel 2).png,8,0.0,0.0,0
outlook.live.com_owa_(Pixel 2).png,9,0.0,0.0,0
outlook.live.com_owa_(Pixel 2).png,10,0.0,0.0,0
outlook.live.com_owa_(Pixel 2).png,11,0.0,0.0,0
outlook.live.com_owa_(Pixel 2).png,12,0.0,0.0,0
outlook.live.com_owa_(Pixel 2).png,13,1926.4964999999936,157.62080000000446,1
outlook.live.com_owa_(Pixel 2).png,14,0.0,0.0,0
outlook.live.com_owa_(Pixel 2).png,15,0.0,0.0,0
outlook.live.com_owa_(Pixel 2).png,16,0.0,0.0,0
outlook.live.com_owa_(Pixel 2).png,17,0.0,0.0,0
outlook.live.com_owa_(Pixel 2).png,18,0.0,0.0,0
outlook.live.com_owa_(Pixel 2).png,19,0.0,0.0,0
outlook.live.com_owa_(Pixel 2).png,20,0.0,0.0,0
outlook.live.com_owa_(Pixel 2).png,21,2609.939599999998,50.19239999999991,1
outlook.live.com_owa_(Pixel 2).png,22,0.0,0.0,0
outlook.live.com_owa_(Pixel 2).png,23,2200.7989999999922,116.29350000000704,1
outlook.live.com_owa_(Pixel 2).png,24,4901.002799999995,25.962600000006205,1
outlook.live.com_owa_(Pixel 2).png,25,0.0,0.0,0
outlook.live.com_owa_(Pixel 2).png,26,0.0,0.0,0
outlook.live.com_owa_(Pixel 2).png,27,0.0,0.0,0
outlook.live.com_owa_(Pixel 2).png,28,0.0,0.0,0
outlook.live.com_owa_(Pixel 2).png,29,0.0,0.0,0
outlook.live.com_owa_(Pixel 2).png,30,3300.3183999999965,177.59070000000065,1
outlook.live.com_owa_(Pixel 2).png,31,0.0,0.0,0
outlook.live.com_owa_(Pixel 2).png,32,2826.089699999997,274.2867000000042,1
outlook.live.com_owa_(Pixel 2).png,33,0.0,0.0,0
outlook.live.com_owa_(Pixel 2).png,34,0.0,0.0,0
outlook.live.com_owa_(Pixel 2).png,35,0.0,0.0,0
outlook.live.com_owa_(Pixel 2).png,36,3517.4242999999988,68.61879999999701,1
outlook.live.com_owa_(Pixel 2).png,37,0.0,0.0,0
outlook.live.com_owa_(Pixel 2).png,38,0.0,0.0,0
outlook.live.com_owa_(Pixel 2).png,39,0.0,0.0,0
outlook.live.com_owa_(Pixel 2).png,40,0.0,0.0,0
outlook.live.com_owa_(Pixel 2).png,41,3743.676,91.71250000000146,1
outlook.live.com_owa_(Pixel 2).png,42,3935.307799999995,557.8165999999983,1
outlook.live.com_owa_(Pixel 2).png,43,0.0,0.0,0
outlook.live.com_owa_(Pixel 2).png,44,0.0,0.0,0
outlook.live.com_owa_(Pixel 2).png,45,0.0,0.0,0
outlook.live.com_owa_(Pixel 2).png,46,0.0,0.0,0
outlook.live.com_owa_(Pixel 2).png,47,0.0,0.0,0
outlook.live.com_owa_(Pixel 2).png,48,0.0,0.0,0
outlook.live.com_owa_(Pixel 2).png,49,0.0,0.0,0
wap.boc.cn_(Pixel 2).png,0,0.0,0.0,0
wap.boc.cn_(Pixel 2).png,1,1065.5325000000084,90.05270000000019,1
wap.boc.cn_(Pixel 2).png,2,4706.8122,66.99589999999444,1
wap.boc.cn_(Pixel 2).png,3,0.0,0.0,0
wap.boc.cn_(Pixel 2).png,4,4931.846600000004,49.79149999999299,1
wap.boc.cn_(Pixel 2).png,5,0.0,0.0,0
wap.boc.cn_(Pixel 2).png,6,556.7990000000063,224.87759999999275,2
wap.boc.cn_(Pixel 2).png,7,0.0,0.0,0
wap.boc.cn_(Pixel 2).png,8,4531.377200000011,58.1009999999942,1
wap.boc.cn_(Pixel 2).png,9,0.0,0.0,0
wap.boc.cn_(Pixel 2).png,10,0.0,0.0,0
wap.boc.cn_(Pixel 2).png,11,1831.6326000000047,249.87819999999942,1
wap.boc.cn_(Pixel 2).png,12,0.0,0.0,0
wap.boc.cn_(Pixel 2).png,13,0.0,0.0,0
wap.boc.cn_(Pixel 2).png,14,0.0,0.0,0
wap.boc.cn_(Pixel 2).png,15,1606.5025000000094,175.16369999999756,1
wap.boc.cn_(Pixel 2).png,16,0.0,0.0,0
wap.boc.cn_(Pixel 2).png,17,0.0,0.0,0
wap.boc.cn_(Pixel 2).png,18,0.0,0.0,0
wap.boc.cn_(Pixel 2).png,19,0.0,0.0,0
wap.boc.cn_(Pixel 2).png,20,0.0,0.0,0
wap.boc.cn_(Pixel 2).png,21,2297.1275000000023,486.6102000000019,2
wap.boc.cn_(Pixel 2).png,22,0.0,0.0,0
wap.boc.cn_(Pixel 2).png,23,0.0,0.0,0
wap.boc.cn_(Pixel 2).png,24,0.0,0.0,0
wap.boc.cn_(Pixel 2).png,25,0.0,0.0,0
wap.boc.cn_(Pixel 2).png,26,0.0,0.0,0
wap.boc.cn_(Pixel 2).png,27,2973.1218000000013,299.5826000000011,1
wap.boc.cn_(Pixel 2).png,28,0.0,0.0,0
wap.boc.cn_(Pixel 2).png,29,0.0,0.0,0
wap.boc.cn_(Pixel 2).png,30,0.0,0.0,0
wap.boc.cn_(Pixel 2).png,31,0.0,0.0,0
wap.boc.cn_(Pixel 2).png,32,3366.220200000004,306.53779999999733,1
wap.boc.cn_(Pixel 2).png,33,0.0,0.0,0
wap.boc.cn_(Pixel 2).png,34,0.0,0.0,0
wap.boc.cn_(Pixel 2).png,35,0.0,0.0,0
wap.boc.cn_(Pixel 2).png,36,0.0,0.0,0
wap.boc.cn_(Pixel 2).png,37,0.0,0.0,0
wap.boc.cn_(Pixel 2).png,38,0.0,0.0,0
wap.boc.cn_(Pixel 2).png,39,0.0,0.0,0
wap.boc.cn_(Pixel 2).png,40,0.0,0.0,0
wap.boc.cn_(Pixel 2).png,41,0.0,0.0,0
wap.boc.cn_(Pixel 2).png,42,3873.325100000002,250.36039999998957,2
wap.boc.cn_(Pixel 2).png,43,0.0,0.0,0
wap.boc.cn_(Pixel 2).png,44,0.0,0.0,0
wap.boc.cn_(Pixel 2).png,45,0.0,0.0,0
wap.boc.cn_(Pixel 2).png,46,0.0,0.0,0
wap.boc.cn_(Pixel 2).png,47,0.0,0.0,0
wap.boc.cn_(Pixel 2).png,48,0.0,0.0,0
wap.boc.cn_(Pixel 2).png,49,0.0,0.0,0
www.abchina.com_cn_(Pixel 2).png,0,0.0,0.0,0
www.abchina.com_cn_(Pixel 2).png,1,873.9701999999962,326.33740000000387,1
www.abchina.com_cn_(Pixel 2).png,2,1408.533800000005,50.08399999998778,1
www.abchina.com_cn_(Pixel 2).png,3,0.0,0.0,0
www.abchina.com_cn_(Pixel 2).png,4,0.0,0.0,0
www.abchina.com_cn_(Pixel 2).png,5,0.0,0.0,0
www.abchina.com_cn_(Pixel 2).png,6,0.0,0.0,0
www.abchina.com_cn_(Pixel 2).png,7,0.0,0.0,0
www.abchina.com_cn_(Pixel 2).png,8,0.0,0.0,0
www.abchina.com_cn_(Pixel 2).png,9,0.0,0.0,0
www.abchina.com_cn_(Pixel 2).png,10,0.0,0.0,0
www.abchina.com_cn_(Pixel 2).png,11,2200.615399999995,540.0197000000048,2
www.abchina.com_cn_(Pixel 2).png,12,0.0,0.0,0
www.abchina.com_cn_(Pixel 2).png,13,0.0,0.0,0
www.abchina.com_cn_(Pixel 2).png,14,0.0,0.0,0
www.abchina.com_cn_(Pixel 2).png,15,0.0,0.0,0
www.abchina.com_cn_(Pixel 2).png,16,0.0,0.0,0
www.abchina.com_cn_(Pixel 2).png,17,0.0,0.0,0
www.abchina.com_cn_(Pixel 2).png,18,1724.5976999999984,332.83750000000873,2
www.abchina.com_cn_(Pixel 2).png,19,0.0,0.0,0
www.abchina.com_cn_(Pixel 2).png,20,4324.223399999988,343.273199999996,1
www.abchina.com_cn_(Pixel 2).png,21,4150.991699999999,73.14340000000175,1
www.abchina.com_cn_(Pixel 2).png,22,3841.951199999996,257.5862000000052,1
www.abchina.com_cn_(Pixel 2).png,23,2960.744599999991,405.65039999999817,1
www.abchina.com_cn_(Pixel 2).png,24,3492.2380999999878,183.1895000000227,1
www.abchina.com_cn_(Pixel 2).png,25,0.0,0.0,0
www.abchina.com_cn_(Pixel 2).png,26,0.0,0.0,0
www.abchina.com_cn_(Pixel 2).png,27,0.0,0.0,0
www.abchina.com_cn_(Pixel 2).png,28,0.0,0.0,0
www.abchina.com_cn_(Pixel 2).png,29,0.0,0.0,0
www.abchina.com_cn_(Pixel 2).png,30,0.0,0.0,0
www.abchina.com_cn_(Pixel 2).png,31,0.0,0.0,0
www.abchina.com_cn_(Pixel 2).png,32,4875.0450999999875,116.19640000001709,1
www.abchina.com_cn_(Pixel 2).png,33,0.0,0.0,0
www.abchina.com_cn_(Pixel 2).png,34,0.0,0.0,0
www.abchina.com_cn_(Pixel 2).png,35,0.0,0.0,0
www.abchina.com_cn_(Pixel 2).png,36,0.0,0.0,0
www.abchina.com_cn_(Pixel 2).png,37,0.0,0.0,0
www.abchina.com_cn_(Pixel 2).png,38,0.0,0.0,0
www.abchina.com_cn_(Pixel 2).png,39,0.0,0.0,0
www.abchina.com_cn_(Pixel 2).png,40,0.0,0.0,0
www.abchina.com_cn_(Pixel 2).png,41,0.0,0.0,0
www.abchina.com_cn_(Pixel 2).png,42,0.0,0.0,0
www.abchina.com_cn_(Pixel 2).png,43,0.0,0.0,0
www.abchina.com_cn_(Pixel 2).png,44,0.0,0.0,0
www.abchina.com_cn_(Pixel 2).png,45,0.0,0.0,0
www.abchina.com_cn_(Pixel 2).png,46,0.0,0.0,0
www.abchina.com_cn_(Pixel 2).png,47,0.0,0.0,0
www.abchina.com_cn_(Pixel 2).png,48,0.0,0.0,0
www.abchina.com_cn_(Pixel 2).png,49,0.0,0.0,0
www.amazon.co.uk_(Pixel 2).png,0,0.0,0.0,0
www.amazon.co.uk_(Pixel 2).png,1,0.0,0.0,0
www.amazon.co.uk_(Pixel 2).png,2,0.0,0.0,0
www.amazon.co.uk_(Pixel 2).png,3,0.0,0.0,0
www.amazon.co.uk_(Pixel 2).png,4,0.0,0.0,0
www.amazon.co.uk_(Pixel 2).png,5,0.0,0.0,0
www.amazon.co.uk_(Pixel 2).png,6,0.0,0.0,0
www.amazon.co.uk_(Pixel 2).png,7,0.0,0.0,0
www.amazon.co.uk_(Pixel 2).png,8,0.0,0.0,0
www.amazon.co.uk_(Pixel 2).png,9,0.0,0.0,0
www.amazon.co.uk_(Pixel 2).png,10,0.0,0.0,0
www.amazon.co.uk_(Pixel 2).png,11,0.0,0.0,0
www.amazon.co.uk_(Pixel 2).png,12,0.0,0.0,0
www.amazon.co.uk_(Pixel 2).png,13,0.0,0.0,0
www.amazon.co.uk_(Pixel 2).png,14,0.0,0.0,0
www.amazon.co.uk_(Pixel 2).png,15,0.0,0.0,0
www.amazon.co.uk_(Pixel 2).png,16,0.0,0.0,0
www.amazon.co.uk_(Pixel 2).png,17,0.0,0.0,0
www.amazon.co.uk_(Pixel 2).png,18,2079.4904000000097,389.57369999999355,2
www.amazon.co.uk_(Pixel 2).png,19,2560.509900000005,542.8867000000027,2
www.amazon.co.uk_(Pixel 2).png,20,1178.8238000000129,240.35719999998378,1
www.amazon.co.uk_(Pixel 2).png,21,611.6582000000053,408.89870000001963,2
www.amazon.co.uk_(Pixel 2).png,22,1778.8420999999946,174.7443000000053,1
www.amazon.co.uk_(Pixel 2).png,23,0.0,0.0,0
www.amazon.co.uk_(Pixel 2).png,24,0.0,0.0,0
www.amazon.co.uk_(Pixel 2).png,25,1469.2168000000092,191.97419999999693,1
www.amazon.co.uk_(Pixel 2).png,26,0.0,0.0,0
www.amazon.co.uk_(Pixel 2).png,27,0.0,0.0,0
www.amazon.co.uk_(Pixel 2).png,28,0.0,0.0,0
www.amazon.co.uk_(Pixel 2).png,29,0.0,0.0,0
www.amazon.co.uk_(Pixel 2).png,30,0.0,0.0,0
www.amazon.co.uk_(Pixel 2).png,31,0.0,0.0,0
www.amazon.co.uk_(Pixel 2).png,32,0.0,0.0,0
www.amazon.co.uk_(Pixel 2).png,33,3685.722299999994,468.4726000000069,2
www.amazon.co.uk_(Pixel 2).png,34,0.0,0.0,0
www.amazon.co.uk_(Pixel 2).png,35,0.0,0.0,0
www.amazon.co.uk_(Pixel 2).png,36,0.0,0.0,0
www.amazon.co.uk_(Pixel 2).png,37,0.0,0.0,0
www.amazon.co.uk_(Pixel 2).png,38,4254.651299999998,141.12820000000647,1
www.amazon.co.uk_(Pixel 2).png,39,0.0,0.0,0
www.amazon.co.uk_(Pixel 2).png,40,0.0,0.0,0
www.amazon.co.uk_(Pixel 2).png,41,4602.895100000009,259.0500999999922,2
www.amazon.co.uk_(Pixel 2).png,42,0.0,0.0,0
www.amazon.co.uk_(Pixel 2).png,43,0.0,0.0,0
www.amazon.co.uk_(Pixel 2).png,44,0.0,0.0,0
www.amazon.co.uk_(Pixel 2).png,45,0.0,0.0,0
www.amazon.co.uk_(Pixel 2).png,46,0.0,0.0,0
www.amazon.co.uk_(Pixel 2).png,47,0.0,0.0,0
www.amazon.co.uk_(Pixel 2).png,48,0.0,0.0,0
www.amazon.co.uk_(Pixel 2).png,49,0.0,0.0,0
www.argos.co.uk_(Pixel 2).png,0,0.0,0.0,0
www.argos.co.uk_(Pixel 2).png,1,0.0,0.0,0
www.argos.co.uk_(Pixel 2).png,2,0.0,0.0,0
www.argos.co.uk_(Pixel 2).png,3,0.0,0.0,0
www.argos.co.uk_(Pixel 2).png,4,0.0,0.0,0
www.argos.co.uk_(Pixel 2).png,5,0.0,0.0,0
www.argos.co.uk_(Pixel 2).png,6,4487.97649999999,266.24289999999746,1
www.argos.co.uk_(Pixel 2).png,7,0.0,0.0,0
www.argos.co.uk_(Pixel 2).png,8,0.0,0.0,0
www.argos.co.uk_(Pixel 2).png,9,0.0,0.0,0
www.argos.co.uk_(Pixel 2).png,10,0.0,0.0,0
www.argos.co.uk_(Pixel 2).png,11,0.0,0.0,0
www.argos.co.uk_(Pixel 2).png,12,4946.33219999999,50.17270000001008,1
www.argos.co.uk_(Pixel 2).png,13,0.0,0.0,0
www.argos.co.uk_(Pixel 2).png,14,0.0,0.0,0
www.argos.co.uk_(Pixel 2).png,15,0.0,0.0,0
www.argos.co.uk_(Pixel 2).png,16,0.0,0.0,0
www.argos.co.uk_(Pixel 2).png,17,0.0,0.0,0
www.argos.co.uk_(Pixel 2).png,18,0.0,0.0,0
www.argos.co.uk_(Pixel 2).png,19,0.0,0.0,0
www.argos.co.uk_(Pixel 2).png,20,0.0,0.0,0
www.argos.co.uk_(Pixel 2).png,21,0.0,0.0,0
www.argos.co.uk_(Pixel 2).png,22,0.0,0.0,0
www.argos.co.uk_(Pixel 2).png,23,3745.845999999991,236.8510999999994,1
www.argos.co.uk_(Pixel 2).png,24,0.0,0.0,0
www.argos.co.uk_(Pixel 2).png,25,863.6591999999947,616.7260000000095,2
www.argos.co.uk_(Pixel 2).png,26,0.0,0.0,0
www.argos.co.uk_(Pixel 2).png,27,663.1463999999978,50.63560000000871,1
www.argos.co.uk_(Pixel 2).png,28,3521.360099999991,100.67830000001413,1
www.argos.co.uk_(Pixel 2).png,29,0.0,0.0,0
www.argos.co.uk_(Pixel 2).png,30,1579.7949999999985,200.8486999999875,1
www.argos.co.uk_(Pixel 2).png,31,0.0,0.0,0
www.argos.co.uk_(Pixel 2).png,32,0.0,0.0,0
www.argos.co.uk_(Pixel 2).png,33,0.0,0.0,0
www.argos.co.uk_(Pixel 2).png,34,4130.150799999989,83.63650000000598,1
www.argos.co.uk_(Pixel 2).png,35,1830.9425000000049,125.1694999999886,1
www.argos.co.uk_(Pixel 2).png,36,0.0,0.0,0
www.argos.co.uk_(Pixel 2).png,37,0.0,0.0,0
www.argos.co.uk_(Pixel 2).png,38,2172.7562000000034,332.0983999999876,3
www.argos.co.uk_(Pixel 2).png,39,0.0,0.0,0
www.argos.co.uk_(Pixel 2).png,40,0.0,0.0,0
www.argos.co.uk_(Pixel 2).png,41,2771.358899999992,301.0284000000097,1
www.argos.co.uk_(Pixel 2).png,42,0.0,0.0,0
www.argos.co.uk_(Pixel 2).png,43,0.0,0.0,0
www.argos.co.uk_(Pixel 2).png,44,0.0,0.0,0
www.argos.co.uk_(Pixel 2).png,45,0.0,0.0,0
www.argos.co.uk_(Pixel 2).png,46,0.0,0.0,0
www.argos.co.uk_(Pixel 2).png,47,0.0,0.0,0
www.argos.co.uk_(Pixel 2).png,48,0.0,0.0,0
www.argos.co.uk_(Pixel 2).png,49,0.0,0.0,0
www.barclays.co.uk_(Pixel 2).png,0,0.0,0.0,0
www.barclays.co.uk_(Pixel 2).png,1,0.0,0.0,0
www.barclays.co.uk_(Pixel 2).png,2,0.0,0.0,0
www.barclays.co.uk_(Pixel 2).png,3,0.0,0.0,0
www.barclays.co.uk_(Pixel 2).png,4,0.0,0.0,0
www.barclays.co.uk_(Pixel 2).png,5,0.0,0.0,0
www.barclays.co.uk_(Pixel 2).png,6,0.0,0.0,0
www.barclays.co.uk_(Pixel 2).png,7,0.0,0.0,0
www.barclays.co.uk_(Pixel 2).png,8,0.0,0.0,0
www.barclays.co.uk_(Pixel 2).png,9,0.0,0.0,0
www.barclays.co.uk_(Pixel 2).png,10,0.0,0.0,0
www.barclays.co.uk_(Pixel 2).png,11,0.0,0.0,0
www.barclays.co.uk_(Pixel 2).png,12,0.0,0.0,0
www.barclays.co.uk_(Pixel 2).png,13,0.0,0.0,0
www.barclays.co.uk_(Pixel 2).png,14,0.0,0.0,0
www.barclays.co.uk_(Pixel 2).png,15,973.7906999999832,341.7228000000034,1
www.barclays.co.uk_(Pixel 2).png,16,1406.6780999999899,108.42010000000323,1
www.barclays.co.uk_(Pixel 2).png,17,0.0,0.0,0
www.barclays.co.uk_(Pixel 2).png,18,0.0,0.0,0
www.barclays.co.uk_(Pixel 2).png,19,0.0,0.0,0
www.barclays.co.uk_(Pixel 2).png,20,0.0,0.0,0
www.barclays.co.uk_(Pixel 2).png,21,1841.4744999999966,199.69269999999938,1
www.barclays.co.uk_(Pixel 2).png,22,0.0,0.0,0
www.barclays.co.uk_(Pixel 2).png,23,0.0,0.0,0
www.barclays.co.uk_(Pixel 2).png,24,0.0,0.0,0
www.barclays.co.uk_(Pixel 2).png,25,2666.280199999994,91.90780000000086,1
www.barclays.co.uk_(Pixel 2).png,26,2091.3493000000017,483.5764999999956,2
www.barclays.co.uk_(Pixel 2).png,27,0.0,0.0,0
www.barclays.co.uk_(Pixel 2).png,28,0.0,0.0,0
www.barclays.co.uk_(Pixel 2).png,29,0.0,0.0,0
www.barclays.co.uk_(Pixel 2).png,30,2808.3158999999873,315.891500000012,1
www.barclays.co.uk_(Pixel 2).png,31,0.0,0.0,0
www.barclays.co.uk_(Pixel 2).png,32,3424.600299999991,190.51060000000916,1
www.barclays.co.uk_(Pixel 2).png,33,0.0,0.0,0
www.barclays.co.uk_(Pixel 2).png,34,0.0,0.0,0
www.barclays.co.uk_(Pixel 2).png,35,0.0,0.0,0
www.barclays.co.uk_(Pixel 2).png,36,3915.6655000000032,175.62589999999864,1
www.barclays.co.uk_(Pixel 2).png,37,3673.827099999995,119.32360000000381,1
www.barclays.co.uk_(Pixel 2).png,38,0.0,0.0,0
www.barclays.co.uk_(Pixel 2).png,39,0.0,0.0,0
www.barclays.co.uk_(Pixel 2).png,40,0.0,0.0,0
www.barclays.co.uk_(Pixel 2).png,41,0.0,0.0,0
www.barclays.co.uk_(Pixel 2).png,42,0.0,0.0,0
www.barclays.co.uk_(Pixel 2).png,43,0.0,0.0,0
www.barclays.co.uk_(Pixel 2).png,44,0.0,0.0,0
www.barclays.co.uk_(Pixel 2).png,45,0.0,0.0,0
www.barclays.co.uk_(Pixel 2).png,46,4774.293799999985,216.91760000000068,1
www.barclays.co.uk_(Pixel 2).png,47,4482.068599999999,142.04169999998703,1
www.barclays.co.uk_(Pixel 2).png,48,0.0,0.0,0
www.barclays.co.uk_(Pixel 2).png,49,0.0,0.0,0
www.bbc.co.uk_(Pixel 2).png,0,0.0,0.0,0
www.bbc.co.uk_(Pixel 2).png,1,0.0,0.0,0
www.bbc.co.uk_(Pixel 2).png,2,0.0,0.0,0
www.bbc.co.uk_(Pixel 2).png,3,0.0,0.0,0
www.bbc.co.uk_(Pixel 2).png,4,0.0,0.0,0
www.bbc.co.uk_(Pixel 2).png,5,0.0,0.0,0
www.bbc.co.uk_(Pixel 2).png,6,0.0,0.0,0
www.bbc.co.uk_(Pixel 2).png,7,0.0,0.0,0
www.bbc.co.uk_(Pixel 2).png,8,0.0,0.0,0
www.bbc.co.uk_(Pixel 2).png,9,0.0,0.0,0
www.bbc.co.uk_(Pixel 2).png,10,0.0,0.0,0
www.bbc.co.uk_(Pixel 2).png,11,0.0,0.0,0
www.bbc.co.uk_(Pixel 2).png,12,0.0,0.0,0
www.bbc.co.uk_(Pixel 2).png,13,0.0,0.0,0
www.bbc.co.uk_(Pixel 2).png,14,0.0,0.0,0
www.bbc.co.uk_(Pixel 2).png,15,0.0,0.0,0
www.bbc.co.uk_(Pixel 2).png,16,2993.518800000005,265.3870000000029,1
www.bbc.co.uk_(Pixel 2).png,17,0.0,0.0,0
www.bbc.co.uk_(Pixel 2).png,18,0.0,0.0,0
www.bbc.co.uk_(Pixel 2).png,19,0.0,0.0,0
www.bbc.co.uk_(Pixel 2).png,20,4700.456999999995,175.97480000001087,1
www.bbc.co.uk_(Pixel 2).png,21,3308.673800000004,549.5248000000283,5
www.bbc.co.uk_(Pixel 2).png,22,0.0,0.0,0
www.bbc.co.uk_(Pixel 2).png,23,3759.02350000001,150.35159999999496,1
www.bbc.co.uk_(Pixel 2).png,24,4043.0886000000023,74.37720000000218,1
www.bbc.co.uk_(Pixel 2).png,25,1383.6160000000089,325.9234000000147,2
www.bbc.co.uk_(Pixel 2).png,26,1175.3685000000114,100.04809999998542,1
www.bbc.co.uk_(Pixel 2).png,27,0.0,0.0,0
www.bbc.co.uk_(Pixel 2).png,28,2467.658200000005,376.2382999999977,1
www.bbc.co.uk_(Pixel 2).png,29,0.0,0.0,0
www.bbc.co.uk_(Pixel 2).png,30,1859.8495000000114,182.39890000000014,1
www.bbc.co.uk_(Pixel 2).png,31,0.0,0.0,0
www.bbc.co.uk_(Pixel 2).png,32,0.0,0.0,0
www.bbc.co.uk_(Pixel 2).png,33,0.0,0.0,0
www.bbc.co.uk_(Pixel 2).png,34,0.0,0.0,0
www.bbc.co.uk_(Pixel 2).png,35,0.0,0.0,0
www.bbc.co.uk_(Pixel 2).png,36,0.0,0.0,0
www.bbc.co.uk_(Pixel 2).png,37,0.0,0.0,0
www.bbc.co.uk_(Pixel 2).png,38,0.0,0.0,0
www.bbc.co.uk_(Pixel 2).png,39,0.0,0.0,0
www.bbc.co.uk_(Pixel 2).png,40,0.0,0.0,0
www.bbc.co.uk_(Pixel 2).png,41,0.0,0.0,0
www.bbc.co.uk_(Pixel 2).png,42,0.0,0.0,0
www.bbc.co.uk_(Pixel 2).png,43,0.0,0.0,0
www.bbc.co.uk_(Pixel 2).png,44,0.0,0.0,0
www.bbc.co.uk_(Pixel 2).png,45,0.0,0.0,0
www.bbc.co.uk_(Pixel 2).png,46,0.0,0.0,0
www.bbc.co.uk_(Pixel 2).png,47,0.0,0.0,0
www.bbc.co.uk_(Pixel 2).png,48,0.0,0.0,0
www.bbc.co.uk_(Pixel 2).png,49,0.0,0.0,0
www.ebay.co.uk_(Pixel 2).png,0,0.0,0.0,0
www.ebay.co.uk_(Pixel 2).png,1,0.0,0.0,0
www.ebay.co.uk_(Pixel 2).png,2,0.0,0.0,0
www.ebay.co.uk_(Pixel 2).png,3,0.0,0.0,0
www.ebay.co.uk_(Pixel 2).png,4,0.0,0.0,0
www.ebay.co.uk_(Pixel 2).png,5,0.0,0.0,0
www.ebay.co.uk_(Pixel 2).png,6,0.0,0.0,0
www.ebay.co.uk_(Pixel 2).png,7,0.0,0.0,0
www.ebay.co.uk_(Pixel 2).png,8,0.0,0.0,0
www.ebay.co.uk_(Pixel 2).png,9,4121.689000000013,125.60430000000633,1
www.ebay.co.uk_(Pixel 2).png,10,0.0,0.0,0
www.ebay.co.uk_(Pixel 2).png,11,4404.6579000000065,100.01940000000377,1
www.ebay.co.uk_(Pixel 2).png,12,0.0,0.0,0
www.ebay.co.uk_(Pixel 2).png,13,3738.7228000000177,141.8237999999833,1
www.ebay.co.uk_(Pixel 2).png,14,4005.992800000007,50.4774000000034,1
www.ebay.co.uk_(Pixel 2).png,15,1259.851600000009,120.06420000000799,1
www.ebay.co.uk_(Pixel 2).png,16,4613.388800000015,50.94520000000193,1
www.ebay.co.uk_(Pixel 2).png,17,0.0,0.0,0
www.ebay.co.uk_(Pixel 2).png,18,1580.2810000000027,126.03759999999625,2
www.ebay.co.uk_(Pixel 2).png,19,0.0,0.0,0
www.ebay.co.uk_(Pixel 2).png,20,0.0,0.0,0
www.ebay.co.uk_(Pixel 2).png,21,688.811200000011,291.50230000000727,1
www.ebay.co.uk_(Pixel 2).png,22,0.0,0.0,0
www.ebay.co.uk_(Pixel 2).png,23,4890.164900000003,99.17210000001069,1
www.ebay.co.uk_(Pixel 2).png,24,0.0,0.0,0
www.ebay.co.uk_(Pixel 2).png,25,1030.528500000015,133.38199999999802,1
www.ebay.co.uk_(Pixel 2).png,26,0.0,0.0,0
www.ebay.co.uk_(Pixel 2).png,27,0.0,0.0,0
www.ebay.co.uk_(Pixel 2).png,28,1997.0404000000128,910.611299999988,2
www.ebay.co.uk_(Pixel 2).png,29,0.0,0.0,0
www.ebay.co.uk_(Pixel 2).png,30,0.0,0.0,0
www.ebay.co.uk_(Pixel 2).png,31,0.0,0.0,0
www.ebay.co.uk_(Pixel 2).png,32,0.0,0.0,0
www.ebay.co.uk_(Pixel 2).png,33,0.0,0.0,0
www.ebay.co.uk_(Pixel 2).png,34,0.0,0.0,0
www.ebay.co.uk_(Pixel 2).png,35,0.0,0.0,0
www.ebay.co.uk_(Pixel 2).png,36,0.0,0.0,0
www.ebay.co.uk_(Pixel 2).png,37,0.0,0.0,0
www.ebay.co.uk_(Pixel 2).png,38,0.0,0.0,0
www.ebay.co.uk_(Pixel 2).png,39,0.0,0.0,0
www.ebay.co.uk_(Pixel 2).png,40,0.0,0.0,0
www.ebay.co.uk_(Pixel 2).png,41,3279.822700000019,141.8633999999879,1
www.ebay.co.uk_(Pixel 2).png,42,0.0,0.0,0
www.ebay.co.uk_(Pixel 2).png,43,0.0,0.0,0
www.ebay.co.uk_(Pixel 2).png,44,0.0,0.0,0
www.ebay.co.uk_(Pixel 2).png,45,0.0,0.0,0
www.ebay.co.uk_(Pixel 2).png,46,0.0,0.0,0
www.ebay.co.uk_(Pixel 2).png,47,0.0,0.0,0
www.ebay.co.uk_(Pixel 2).png,48,0.0,0.0,0
www.ebay.co.uk_(Pixel 2).png,49,0.0,0.0,0
www.google.co.uk_(Pixel 2).png,0,0.0,0.0,0
www.google.co.uk_(Pixel 2).png,1,4464.954199999993,199.32630000001518,1
www.google.co.uk_(Pixel 2).png,2,0.0,0.0,0
www.google.co.uk_(Pixel 2).png,3,2765.5117999999934,132.05830000000333,1
www.google.co.uk_(Pixel 2).png,4,2272.6631999999954,397.43970000000263,2
www.google.co.uk_(Pixel 2).png,5,0.0,0.0,0
www.google.co.uk_(Pixel 2).png,6,0.0,0.0,0
www.google.co.uk_(Pixel 2).png,7,0.0,0.0,0
www.google.co.uk_(Pixel 2).png,8,1398.0674999999899,774.475400000011,1
www.google.co.uk_(Pixel 2).png,9,0.0,0.0,0
www.google.co.uk_(Pixel 2).png,10,0.0,0.0,0
www.google.co.uk_(Pixel 2).png,11,3739.647500000007,50.23699999999326,1
www.google.co.uk_(Pixel 2).png,12,878.6524000000063,394.67729999999574,1
www.google.co.uk_(Pixel 2).png,13,0.0,0.0,0
www.google.co.uk_(Pixel 2).png,14,3097.038199999996,299.8987000000052,1
www.google.co.uk_(Pixel 2).png,15,0.0,0.0,0
www.google.co.uk_(Pixel 2).png,16,0.0,0.0,0
www.google.co.uk_(Pixel 2).png,17,0.0,0.0,0
www.google.co.uk_(Pixel 2).png,18,0.0,0.0,0
www.google.co.uk_(Pixel 2).png,19,0.0,0.0,0
www.google.co.uk_(Pixel 2).png,20,0.0,0.0,0
www.google.co.uk_(Pixel 2).png,21,0.0,0.0,0
www.google.co.uk_(Pixel 2).png,22,0.0,0.0,0
www.google.co.uk_(Pixel 2).png,23,0.0,0.0,0
www.google.co.uk_(Pixel 2).png,24,0.0,0.0,0
www.google.co.uk_(Pixel 2).png,25,0.0,0.0,0
www.google.co.uk_(Pixel 2).png,26,0.0,0.0,0
www.google.co.uk_(Pixel 2).png,27,0.0,0.0,0
www.google.co.uk_(Pixel 2).png,28,0.0,0.0,0
www.google.co.uk_(Pixel 2).png,29,0.0,0.0,0
www.google.co.uk_(Pixel 2).png,30,0.0,0.0,0
www.google.co.uk_(Pixel 2).png,31,0.0,0.0,0
www.google.co.uk_(Pixel 2).png,32,0.0,0.0,0
www.google.co.uk_(Pixel 2).png,33,0.0,0.0,0
www.google.co.uk_(Pixel 2).png,34,0.0,0.0,0
www.google.co.uk_(Pixel 2).png,35,0.0,0.0,0
www.google.co.uk_(Pixel 2).png,36,0.0,0.0,0
www.google.co.uk_(Pixel 2).png,37,0.0,0.0,0
www.google.co.uk_(Pixel 2).png,38,0.0,0.0,0
www.google.co.uk_(Pixel 2).png,39,0.0,0.0,0
www.google.co.uk_(Pixel 2).png,40,0.0,0.0,0
www.google.co.uk_(Pixel 2).png,41,0.0,0.0,0
www.google.co.uk_(Pixel 2).png,42,0.0,0.0,0
www.google.co.uk_(Pixel 2).png,43,0.0,0.0,0
www.google.co.uk_(Pixel 2).png,44,0.0,0.0,0
www.google.co.uk_(Pixel 2).png,45,0.0,0.0,0
www.google.co.uk_(Pixel 2).png,46,0.0,0.0,0
www.google.co.uk_(Pixel 2).png,47,0.0,0.0,0
www.google.co.uk_(Pixel 2).png,48,0.0,0.0,0
www.google.co.uk_(Pixel 2).png,49,0.0,0.0,0
www.google.com_intl_en-GB_gmail_(Pixel 2).png,0,0.0,0.0,0
www.google.com_intl_en-GB_gmail_(Pixel 2).png,1,0.0,0.0,0
www.google.com_intl_en-GB_gmail_(Pixel 2).png,2,0.0,0.0,0
www.google.com_intl_en-GB_gmail_(Pixel 2).png,3,4253.726100000014,633.7699999999895,2
www.google.com_intl_en-GB_gmail_(Pixel 2).png,4,0.0,0.0,0
www.google.com_intl_en-GB_gmail_(Pixel 2).png,5,3829.420899999997,175.7745,1
www.google.com_intl_en-GB_gmail_(Pixel 2).png,6,0.0,0.0,0
www.google.com_intl_en-GB_gmail_(Pixel 2).png,7,0.0,0.0,0
www.google.com_intl_en-GB_gmail_(Pixel 2).png,8,0.0,0.0,0
www.google.com_intl_en-GB_gmail_(Pixel 2).png,9,0.0,0.0,0
www.google.com_intl_en-GB_gmail_(Pixel 2).png,10,778.6858000000066,126.43660000000102,1
www.google.com_intl_en-GB_gmail_(Pixel 2).png,11,0.0,0.0,0
www.google.com_intl_en-GB_gmail_(Pixel 2).png,12,1045.5427000000054,100.25740000000201,1
www.google.com_intl_en-GB_gmail_(Pixel 2).png,13,0.0,0.0,0
www.google.com_intl_en-GB_gmail_(Pixel 2).png,14,0.0,0.0,0
www.google.com_intl_en-GB_gmail_(Pixel 2).png,15,0.0,0.0,0
www.google.com_intl_en-GB_gmail_(Pixel 2).png,16,0.0,0.0,0
www.google.com_intl_en-GB_gmail_(Pixel 2).png,17,1195.9704999999958,233.02060000000347,1
www.google.com_intl_en-GB_gmail_(Pixel 2).png,18,0.0,0.0,0
www.google.com_intl_en-GB_gmail_(Pixel 2).png,19,0.0,0.0,0
www.google.com_intl_en-GB_gmail_(Pixel 2).png,20,0.0,0.0,0
www.google.com_intl_en-GB_gmail_(Pixel 2).png,21,0.0,0.0,0
www.google.com_intl_en-GB_gmail_(Pixel 2).png,22,1604.4484000000086,390.885299999994,1
www.google.com_intl_en-GB_gmail_(Pixel 2).png,23,0.0,0.0,0
www.google.com_intl_en-GB_gmail_(Pixel 2).png,24,0.0,0.0,0
www.google.com_intl_en-GB_gmail_(Pixel 2).png,25,0.0,0.0,0
www.google.com_intl_en-GB_gmail_(Pixel 2).png,26,2158.0393000000186,50.822999999989406,1
www.google.com_intl_en-GB_gmail_(Pixel 2).png,27,0.0,0.0,0
www.google.com_intl_en-GB_gmail_(Pixel 2).png,28,0.0,0.0,0
www.google.com_intl_en-GB_gmail_(Pixel 2).png,29,0.0,0.0,0
www.google.com_intl_en-GB_gmail_(Pixel 2).png,30,0.0,0.0,0
www.google.com_intl_en-GB_gmail_(Pixel 2).png,31,0.0,0.0,0
www.google.com_intl_en-GB_gmail_(Pixel 2).png,32,2778.9720000000093,100.65029999999388,1
www.google.com_intl_en-GB_gmail_(Pixel 2).png,33,2337.050000000003,300.58020000001034,2
www.google.com_intl_en-GB_gmail_(Pixel 2).png,34,0.0,0.0,0
www.google.com_intl_en-GB_gmail_(Pixel 2).png,35,0.0,0.0,0
www.google.com_intl_en-GB_gmail_(Pixel 2).png,36,0.0,0.0,0
www.google.com_intl_en-GB_gmail_(Pixel 2).png,37,0.0,0.0,0
www.google.com_intl_en-GB_gmail_(Pixel 2).png,38,0.0,0.0,0
www.google.com_intl_en-GB_gmail_(Pixel 2).png,39,0.0,0.0,0
www.google.com_intl_en-GB_gmail_(Pixel 2).png,40,0.0,0.0,0
www.google.com_intl_en-GB_gmail_(Pixel 2).png,41,0.0,0.0,0
www.google.com_intl_en-GB_gmail_(Pixel 2).png,42,3086.8217000000004,198.73340000001053,2
www.google.com_intl_en-GB_gmail_(Pixel 2).png,43,0.0,0.0,0
www.google.com_intl_en-GB_gmail_(Pixel 2).png,44,0.0,0.0,0
www.google.com_intl_en-GB_gmail_(Pixel 2).png,45,0.0,0.0,0
www.google.com_intl_en-GB_gmail_(Pixel 2).png,46,3387.953099999999,150.59450000000606,1
www.google.com_intl_en-GB_gmail_(Pixel 2).png,47,0.0,0.0,0
www.google.com_intl_en-GB_gmail_(Pixel 2).png,48,0.0,0.0,0
www.google.com_intl_en-GB_gmail_(Pixel 2).png,49,0.0,0.0,0
www.hsbc.co.uk_(Pixel 2).png,0,702.7534999999771,191.67590000003122,1
www.hsbc.co.uk_(Pixel 2).png,1,0.0,0.0,0
www.hsbc.co.uk_(Pixel 2).png,2,0.0,0.0,0
www.hsbc.co.uk_(Pixel 2).png,3,0.0,0.0,0
www.hsbc.co.uk_(Pixel 2).png,4,1035.7988999999798,100.47680000003311,1
www.hsbc.co.uk_(Pixel 2).png,5,0.0,0.0,0
www.hsbc.co.uk_(Pixel 2).png,6,0.0,0.0,0
www.hsbc.co.uk_(Pixel 2).png,7,0.0,0.0,0
www.hsbc.co.uk_(Pixel 2).png,8,4986.558999999994,0.0,1
www.hsbc.co.uk_(Pixel 2).png,9,0.0,0.0,0
www.hsbc.co.uk_(Pixel 2).png,10,0.0,0.0,0
www.hsbc.co.uk_(Pixel 2).png,11,0.0,0.0,0
www.hsbc.co.uk_(Pixel 2).png,12,0.0,0.0,0
www.hsbc.co.uk_(Pixel 2).png,13,4720.5242,166.52350000001024,1
www.hsbc.co.uk_(Pixel 2).png,14,0.0,0.0,0
www.hsbc.co.uk_(Pixel 2).png,15,0.0,0.0,0
www.hsbc.co.uk_(Pixel 2).png,16,0.0,0.0,0
www.hsbc.co.uk_(Pixel 2).png,17,0.0,0.0,0
www.hsbc.co.uk_(Pixel 2).png,18,0.0,0.0,0
www.hsbc.co.uk_(Pixel 2).png,19,0.0,0.0,0
www.hsbc.co.uk_(Pixel 2).png,20,1911.1377000000064,74.78259999997726,1
www.hsbc.co.uk_(Pixel 2).png,21,1636.4841999999915,91.15260000003059,1
www.hsbc.co.uk_(Pixel 2).png,22,0.0,0.0,0
www.hsbc.co.uk_(Pixel 2).png,23,4011.6867000000057,65.41800000000512,1
www.hsbc.co.uk_(Pixel 2).png,24,0.0,0.0,0
www.hsbc.co.uk_(Pixel 2).png,25,0.0,0.0,0
www.hsbc.co.uk_(Pixel 2).png,26,2545.5950000000157,232.27989999996544,1
www.hsbc.co.uk_(Pixel 2).png,27,0.0,0.0,0
www.hsbc.co.uk_(Pixel 2).png,28,2111.2379999999976,293.60310000000754,1
www.hsbc.co.uk_(Pixel 2).png,29,0.0,0.0,0
www.hsbc.co.uk_(Pixel 2).png,30,0.0,0.0,0
www.hsbc.co.uk_(Pixel 2).png,31,0.0,0.0,0
www.hsbc.co.uk_(Pixel 2).png,32,0.0,0.0,0
www.hsbc.co.uk_(Pixel 2).png,33,0.0,0.0,0
www.hsbc.co.uk_(Pixel 2).png,34,0.0,0.0,0
www.hsbc.co.uk_(Pixel 2).png,35,0.0,0.0,0
www.hsbc.co.uk_(Pixel 2).png,36,0.0,0.0,0
www.hsbc.co.uk_(Pixel 2).png,37,2877.3742000000057,275.0938000000024,1
www.hsbc.co.uk_(Pixel 2).png,38,0.0,0.0,0
www.hsbc.co.uk_(Pixel 2).png,39,0.0,0.0,0
www.hsbc.co.uk_(Pixel 2).png,40,3327.760499999989,422.54170000003114,1
www.hsbc.co.uk_(Pixel 2).png,41,0.0,0.0,0
www.hsbc.co.uk_(Pixel 2).png,42,0.0,0.0,0
www.hsbc.co.uk_(Pixel 2).png,43,0.0,0.0,0
www.hsbc.co.uk_(Pixel 2).png,44,0.0,0.0,0
www.hsbc.co.uk_(Pixel 2).png,45,0.0,0.0,0
www.hsbc.co.uk_(Pixel 2).png,46,0.0,0.0,0
www.hsbc.co.uk_(Pixel 2).png,47,0.0,0.0,0
www.hsbc.co.uk_(Pixel 2).png,48,0.0,0.0,0
www.hsbc.co.uk_(Pixel 2).png,49,0.0,0.0,0
www.instagram.com__hl=en(Pixel 2).png,0,0.0,0.0,0
www.instagram.com__hl=en(Pixel 2).png,1,1389.1936999999743,224.12570000000437,1
www.instagram.com__hl=en(Pixel 2).png,2,0.0,0.0,0
www.instagram.com__hl=en(Pixel 2).png,3,0.0,0.0,0
www.instagram.com__hl=en(Pixel 2).png,4,0.0,0.0,0
www.instagram.com__hl=en(Pixel 2).png,5,0.0,0.0,0
www.instagram.com__hl=en(Pixel 2).png,6,0.0,0.0,0
www.instagram.com__hl=en(Pixel 2).png,7,4672.43809999997,75.23540000000503,1
www.instagram.com__hl=en(Pixel 2).png,8,4805.564099999989,173.72979999997187,1
www.instagram.com__hl=en(Pixel 2).png,9,0.0,0.0,0
www.instagram.com__hl=en(Pixel 2).png,10,4305.488400000002,216.69719999999506,1
www.instagram.com__hl=en(Pixel 2).png,11,0.0,0.0,0
www.instagram.com__hl=en(Pixel 2).png,12,0.0,0.0,0
www.instagram.com__hl=en(Pixel 2).png,13,0.0,0.0,0
www.instagram.com__hl=en(Pixel 2).png,14,0.0,0.0,0
www.instagram.com__hl=en(Pixel 2).png,15,0.0,0.0,0
www.instagram.com__hl=en(Pixel 2).png,16,0.0,0.0,0
www.instagram.com__hl=en(Pixel 2).png,17,896.4132999999856,297.4248999999836,1
www.instagram.com__hl=en(Pixel 2).png,18,0.0,0.0,0
www.instagram.com__hl=en(Pixel 2).png,19,0.0,0.0,0
www.instagram.com__hl=en(Pixel 2).png,20,0.0,0.0,0
www.instagram.com__hl=en(Pixel 2).png,21,2414.2913999999873,366.671399999992,1
www.instagram.com__hl=en(Pixel 2).png,22,2137.916200000007,100.1995999999931,1
www.instagram.com__hl=en(Pixel 2).png,23,0.0,0.0,0
www.instagram.com__hl=en(Pixel 2).png,24,0.0,0.0,0
www.instagram.com__hl=en(Pixel 2).png,25,0.0,0.0,0
www.instagram.com__hl=en(Pixel 2).png,26,2829.3772999999933,526.4380999999989,1
www.instagram.com__hl=en(Pixel 2).png,27,0.0,0.0,0
www.instagram.com__hl=en(Pixel 2).png,28,0.0,0.0,0
www.instagram.com__hl=en(Pixel 2).png,29,0.0,0.0,0
www.instagram.com__hl=en(Pixel 2).png,30,0.0,0.0,0
www.instagram.com__hl=en(Pixel 2).png,31,0.0,0.0,0
www.instagram.com__hl=en(Pixel 2).png,32,0.0,0.0,0
www.instagram.com__hl=en(Pixel 2).png,33,0.0,0.0,0
www.instagram.com__hl=en(Pixel 2).png,34,0.0,0.0,0
www.instagram.com__hl=en(Pixel 2).png,35,0.0,0.0,0
www.instagram.com__hl=en(Pixel 2).png,36,0.0,0.0,0
www.instagram.com__hl=en(Pixel 2).png,37,3497.7378000000026,482.2029000000043,1
www.instagram.com__hl=en(Pixel 2).png,38,0.0,0.0,0
www.instagram.com__hl=en(Pixel 2).png,39,0.0,0.0,0
www.instagram.com__hl=en(Pixel 2).png,40,0.0,0.0,0
www.instagram.com__hl=en(Pixel 2).png,41,0.0,0.0,0
www.instagram.com__hl=en(Pixel 2).png,42,0.0,0.0,0
www.instagram.com__hl=en(Pixel 2).png,43,0.0,0.0,0
www.instagram.com__hl=en(Pixel 2).png,44,0.0,0.0,0
www.instagram.com__hl=en(Pixel 2).png,45,0.0,0.0,0
www.instagram.com__hl=en(Pixel 2).png,46,0.0,0.0,0
www.instagram.com__hl=en(Pixel 2).png,47,0.0,0.0,0
www.instagram.com__hl=en(Pixel 2).png,48,0.0,0.0,0
www.instagram.com__hl=en(Pixel 2).png,49,0.0,0.0,0
www.pinterest.co.uk_(Pixel 2).png,0,0.0,0.0,0
www.pinterest.co.uk_(Pixel 2).png,1,0.0,0.0,0
www.pinterest.co.uk_(Pixel 2).png,2,1369.772500000021,224.35239999997407,1
www.pinterest.co.uk_(Pixel 2).png,3,0.0,0.0,0
www.pinterest.co.uk_(Pixel 2).png,4,0.0,0.0,0
www.pinterest.co.uk_(Pixel 2).png,5,0.0,0.0,0
www.pinterest.co.uk_(Pixel 2).png,6,0.0,0.0,0
www.pinterest.co.uk_(Pixel 2).png,7,0.0,0.0,0
www.pinterest.co.uk_(Pixel 2).png,8,0.0,0.0,0
www.pinterest.co.uk_(Pixel 2).png,9,0.0,0.0,0
www.pinterest.co.uk_(Pixel 2).png,10,0.0,0.0,0
www.pinterest.co.uk_(Pixel 2).png,11,0.0,0.0,0
www.pinterest.co.uk_(Pixel 2).png,12,757.8205000000308,512.3954000000084,2
www.pinterest.co.uk_(Pixel 2).png,13,0.0,0.0,0
www.pinterest.co.uk_(Pixel 2).png,14,0.0,0.0,0
www.pinterest.co.uk_(Pixel 2).png,15,0.0,0.0,0
www.pinterest.co.uk_(Pixel 2).png,16,0.0,0.0,0
www.pinterest.co.uk_(Pixel 2).png,17,4994.041800000006,0.0,1
www.pinterest.co.uk_(Pixel 2).png,18,0.0,0.0,0
www.pinterest.co.uk_(Pixel 2).png,19,0.0,0.0,0
www.pinterest.co.uk_(Pixel 2).png,20,0.0,0.0,0
www.pinterest.co.uk_(Pixel 2).png,21,1953.3360000000105,74.74880000000121,1
www.pinterest.co.uk_(Pixel 2).png,22,0.0,0.0,0
www.pinterest.co.uk_(Pixel 2).png,23,2154.145300000033,157.33659999998008,1
www.pinterest.co.uk_(Pixel 2).png,24,0.0,0.0,0
www.pinterest.co.uk_(Pixel 2).png,25,0.0,0.0,0
www.pinterest.co.uk_(Pixel 2).png,26,0.0,0.0,0
www.pinterest.co.uk_(Pixel 2).png,27,0.0,0.0,0
www.pinterest.co.uk_(Pixel 2).png,28,2361.26880000002,1075.1675999999857,2
www.pinterest.co.uk_(Pixel 2).png,29,0.0,0.0,0
www.pinterest.co.uk_(Pixel 2).png,30,0.0,0.0,0
www.pinterest.co.uk_(Pixel 2).png,31,0.0,0.0,0
www.pinterest.co.uk_(Pixel 2).png,32,3535.837700000004,224.83370000001742,2
www.pinterest.co.uk_(Pixel 2).png,33,0.0,0.0,0
www.pinterest.co.uk_(Pixel 2).png,34,0.0,0.0,0
www.pinterest.co.uk_(Pixel 2).png,35,0.0,0.0,0
www.pinterest.co.uk_(Pixel 2).png,36,0.0,0.0,0
www.pinterest.co.uk_(Pixel 2).png,37,3885.4494000000122,409.54370000000927,1
www.pinterest.co.uk_(Pixel 2).png,38,0.0,0.0,0
www.pinterest.co.uk_(Pixel 2).png,39,0.0,0.0,0
www.pinterest.co.uk_(Pixel 2).png,40,0.0,0.0,0
www.pinterest.co.uk_(Pixel 2).png,41,0.0,0.0,0
www.pinterest.co.uk_(Pixel 2).png,42,0.0,0.0,0
www.pinterest.co.uk_(Pixel 2).png,43,0.0,0.0,0
www.pinterest.co.uk_(Pixel 2).png,44,0.0,0.0,0
www.pinterest.co.uk_(Pixel 2).png,45,0.0,0.0,0
www.pinterest.co.uk_(Pixel 2).png,46,0.0,0.0,0
www.pinterest.co.uk_(Pixel 2).png,47,4527.88400000002,107.84049999999115,1
www.pinterest.co.uk_(Pixel 2).png,48,0.0,0.0,0
www.pinterest.co.uk_(Pixel 2).png,49,0.0,0.0,0
www.reddit.com_(Pixel 2).png,0,0.0,0.0,0
www.reddit.com_(Pixel 2).png,1,0.0,0.0,0
www.reddit.com_(Pixel 2).png,2,0.0,0.0,0
www.reddit.com_(Pixel 2).png,3,0.0,0.0,0
www.reddit.com_(Pixel 2).png,4,0.0,0.0,0
www.reddit.com_(Pixel 2).png,5,0.0,0.0,0
www.reddit.com_(Pixel 2).png,6,0.0,0.0,0
www.reddit.com_(Pixel 2).png,7,0.0,0.0,0
www.reddit.com_(Pixel 2).png,8,0.0,0.0,0
www.reddit.com_(Pixel 2).png,9,0.0,0.0,0
www.reddit.com_(Pixel 2).png,10,0.0,0.0,0
www.reddit.com_(Pixel 2).png,11,0.0,0.0,0
www.reddit.com_(Pixel 2).png,12,0.0,0.0,0
www.reddit.com_(Pixel 2).png,13,0.0,0.0,0
www.reddit.com_(Pixel 2).png,14,0.0,0.0,0
www.reddit.com_(Pixel 2).png,15,0.0,0.0,0
www.reddit.com_(Pixel 2).png,16,1037.272100000002,101.17540000000736,1
www.reddit.com_(Pixel 2).png,17,0.0,0.0,0
www.reddit.com_(Pixel 2).png,18,0.0,0.0,0
www.reddit.com_(Pixel 2).png,19,0.0,0.0,0
www.reddit.com_(Pixel 2).png,20,1436.4314000000013,191.7458000000331,1
www.reddit.com_(Pixel 2).png,21,1236.9021000000066,100.03510000000824,1
www.reddit.com_(Pixel 2).png,22,787.2515999999887,200.0998000000253,1
www.reddit.com_(Pixel 2).png,23,0.0,0.0,0
www.reddit.com_(Pixel 2).png,24,0.0,0.0,0
www.reddit.com_(Pixel 2).png,25,0.0,0.0,0
www.reddit.com_(Pixel 2).png,26,2344.8698999999906,99.73780000003217,1
www.reddit.com_(Pixel 2).png,27,0.0,0.0,0
www.reddit.com_(Pixel 2).png,28,2569.9112000000314,174.71809999996913,1
www.reddit.com_(Pixel 2).png,29,0.0,0.0,0
www.reddit.com_(Pixel 2).png,30,1904.1042000000016,390.9622000000086,1
www.reddit.com_(Pixel 2).png,31,0.0,0.0,0
www.reddit.com_(Pixel 2).png,32,2796.232400000008,224.6827999999805,1
www.reddit.com_(Pixel 2).png,33,3445.1764000000258,358.1541999999904,2
www.reddit.com_(Pixel 2).png,34,0.0,0.0,0
www.reddit.com_(Pixel 2).png,35,0.0,0.0,0
www.reddit.com_(Pixel 2).png,36,0.0,0.0,0
www.reddit.com_(Pixel 2).png,37,3071.020900000003,351.8837000000058,2
www.reddit.com_(Pixel 2).png,38,0.0,0.0,0
www.reddit.com_(Pixel 2).png,39,0.0,0.0,0
www.reddit.com_(Pixel 2).png,40,0.0,0.0,0
www.reddit.com_(Pixel 2).png,41,0.0,0.0,0
www.reddit.com_(Pixel 2).png,42,0.0,0.0,0
www.reddit.com_(Pixel 2).png,43,0.0,0.0,0
www.reddit.com_(Pixel 2).png,44,0.0,0.0,0
www.reddit.com_(Pixel 2).png,45,4619.526500000006,300.49420000001646,1
www.reddit.com_(Pixel 2).png,46,4403.973500000022,149.49579999997513,1
www.reddit.com_(Pixel 2).png,47,0.0,0.0,0
www.reddit.com_(Pixel 2).png,48,0.0,0.0,0
www.reddit.com_(Pixel 2).png,49,0.0,0.0,0
www.sainsburys.co.uk_(Pixel 2).png,0,0.0,0.0,0
www.sainsburys.co.uk_(Pixel 2).png,1,1746.2648000000045,100.88610000000335,1
www.sainsburys.co.uk_(Pixel 2).png,2,0.0,0.0,0
www.sainsburys.co.uk_(Pixel 2).png,3,4245.974700000021,172.00159999995958,1
www.sainsburys.co.uk_(Pixel 2).png,4,0.0,0.0,0
www.sainsburys.co.uk_(Pixel 2).png,5,0.0,0.0,0
www.sainsburys.co.uk_(Pixel 2).png,6,1120.9674000000232,249.79709999999614,1
www.sainsburys.co.uk_(Pixel 2).png,7,0.0,0.0,0
www.sainsburys.co.uk_(Pixel 2).png,8,0.0,0.0,0
www.sainsburys.co.uk_(Pixel 2).png,9,4462.687000000004,199.84979999999723,1
www.sainsburys.co.uk_(Pixel 2).png,10,0.0,0.0,0
www.sainsburys.co.uk_(Pixel 2).png,11,0.0,0.0,0
www.sainsburys.co.uk_(Pixel 2).png,12,0.0,0.0,0
www.sainsburys.co.uk_(Pixel 2).png,13,0.0,0.0,0
www.sainsburys.co.uk_(Pixel 2).png,14,0.0,0.0,0
www.sainsburys.co.uk_(Pixel 2).png,15,0.0,0.0,0
www.sainsburys.co.uk_(Pixel 2).png,16,0.0,0.0,0
www.sainsburys.co.uk_(Pixel 2).png,17,0.0,0.0,0
www.sainsburys.co.uk_(Pixel 2).png,18,0.0,0.0,0
www.sainsburys.co.uk_(Pixel 2).png,19,0.0,0.0,0
www.sainsburys.co.uk_(Pixel 2).png,20,0.0,0.0,0
www.sainsburys.co.uk_(Pixel 2).png,21,0.0,0.0,0
www.sainsburys.co.uk_(Pixel 2).png,22,0.0,0.0,0
www.sainsburys.co.uk_(Pixel 2).png,23,0.0,0.0,0
www.sainsburys.co.uk_(Pixel 2).png,24,0.0,0.0,0
www.sainsburys.co.uk_(Pixel 2).png,25,0.0,0.0,0
www.sainsburys.co.uk_(Pixel 2).png,26,2228.935599999997,51.350700000009965,1
www.sainsburys.co.uk_(Pixel 2).png,27,0.0,0.0,0
www.sainsburys.co.uk_(Pixel 2).png,28,0.0,0.0,0
www.sainsburys.co.uk_(Pixel 2).png,29,0.0,0.0,0
www.sainsburys.co.uk_(Pixel 2).png,30,0.0,0.0,0
www.sainsburys.co.uk_(Pixel 2).png,31,2378.680800000002,483.33490000001666,2
www.sainsburys.co.uk_(Pixel 2).png,32,0.0,0.0,0
www.sainsburys.co.uk_(Pixel 2).png,33,3013.4590000000026,132.35939999998664,1
www.sainsburys.co.uk_(Pixel 2).png,34,0.0,0.0,0
www.sainsburys.co.uk_(Pixel 2).png,35,0.0,0.0,0
www.sainsburys.co.uk_(Pixel 2).png,36,0.0,0.0,0
www.sainsburys.co.uk_(Pixel 2).png,37,0.0,0.0,0
www.sainsburys.co.uk_(Pixel 2).png,38,0.0,0.0,0
www.sainsburys.co.uk_(Pixel 2).png,39,0.0,0.0,0
www.sainsburys.co.uk_(Pixel 2).png,40,0.0,0.0,0
www.sainsburys.co.uk_(Pixel 2).png,41,0.0,0.0,0
www.sainsburys.co.uk_(Pixel 2).png,42,0.0,0.0,0
www.sainsburys.co.uk_(Pixel 2).png,43,0.0,0.0,0
www.sainsburys.co.uk_(Pixel 2).png,44,0.0,0.0,0
www.sainsburys.co.uk_(Pixel 2).png,45,0.0,0.0,0
www.sainsburys.co.uk_(Pixel 2).png,46,3445.552999999985,258.29100000002745,1
www.sainsburys.co.uk_(Pixel 2).png,47,0.0,0.0,0
www.sainsburys.co.uk_(Pixel 2).png,48,3854.309700000013,167.4602000000009,1
www.sainsburys.co.uk_(Pixel 2).png,49,0.0,0.0,0
www.waitrose.com_(Pixel 2).png,0,0.0,0.0,0
www.waitrose.com_(Pixel 2).png,1,0.0,0.0,0
www.waitrose.com_(Pixel 2).png,2,0.0,0.0,0
www.waitrose.com_(Pixel 2).png,3,0.0,0.0,0
www.waitrose.com_(Pixel 2).png,4,0.0,0.0,0
www.waitrose.com_(Pixel 2).png,5,0.0,0.0,0
www.waitrose.com_(Pixel 2).png,6,0.0,0.0,0
www.waitrose.com_(Pixel 2).png,7,0.0,0.0,0
www.waitrose.com_(Pixel 2).png,8,1517.5197000000046,399.75450000001,1
www.waitrose.com_(Pixel 2).png,9,0.0,0.0,0
www.waitrose.com_(Pixel 2).png,10,0.0,0.0,0
www.waitrose.com_(Pixel 2).png,11,1074.922499999986,316.60350000002654,1
www.waitrose.com_(Pixel 2).png,12,0.0,0.0,0
www.waitrose.com_(Pixel 2).png,13,0.0,0.0,0
www.waitrose.com_(Pixel 2).png,14,0.0,0.0,0
www.waitrose.com_(Pixel 2).png,15,0.0,0.0,0
www.waitrose.com_(Pixel 2).png,16,0.0,0.0,0
www.waitrose.com_(Pixel 2).png,17,2091.280999999988,207.85950000002094,1
www.waitrose.com_(Pixel 2).png,18,0.0,0.0,0
www.waitrose.com_(Pixel 2).png,19,0.0,0.0,0
www.waitrose.com_(Pixel 2).png,20,0.0,0.0,0
www.waitrose.com_(Pixel 2).png,21,0.0,0.0,0
www.waitrose.com_(Pixel 2).png,22,4941.982699999993,50.04219999999623,1
www.waitrose.com_(Pixel 2).png,23,0.0,0.0,0
www.waitrose.com_(Pixel 2).png,24,0.0,0.0,0
www.waitrose.com_(Pixel 2).png,25,2425.0401999999885,392.26920000001064,2
www.waitrose.com_(Pixel 2).png,26,0.0,0.0,0
www.waitrose.com_(Pixel 2).png,27,0.0,0.0,0
www.waitrose.com_(Pixel 2).png,28,4300.483799999987,541.4261000000115,1
www.waitrose.com_(Pixel 2).png,29,0.0,0.0,0
www.waitrose.com_(Pixel 2).png,30,0.0,0.0,0
www.waitrose.com_(Pixel 2).png,31,0.0,0.0,0
www.waitrose.com_(Pixel 2).png,32,0.0,0.0,0
www.waitrose.com_(Pixel 2).png,33,4000.270799999969,200.86050000001023,1
www.waitrose.com_(Pixel 2).png,34,0.0,0.0,0
www.waitrose.com_(Pixel 2).png,35,0.0,0.0,0
www.waitrose.com_(Pixel 2).png,36,0.0,0.0,0
www.waitrose.com_(Pixel 2).png,37,0.0,0.0,0
www.waitrose.com_(Pixel 2).png,38,0.0,0.0,0
www.waitrose.com_(Pixel 2).png,39,0.0,0.0,0
www.waitrose.com_(Pixel 2).png,40,0.0,0.0,0
www.waitrose.com_(Pixel 2).png,41,3100.1497999999847,241.42559999998775,1
www.waitrose.com_(Pixel 2).png,42,0.0,0.0,0
www.waitrose.com_(Pixel 2).png,43,0.0,0.0,0
www.waitrose.com_(Pixel 2).png,44,0.0,0.0,0
www.waitrose.com_(Pixel 2).png,45,3808.485700000019,50.76949999999533,1
www.waitrose.com_(Pixel 2).png,46,0.0,0.0,0
www.waitrose.com_(Pixel 2).png,47,0.0,0.0,0
www.waitrose.com_(Pixel 2).png,48,0.0,0.0,0
www.waitrose.com_(Pixel 2).png,49,0.0,0.0,0
